{
  "timestamp": "2026-07-02T00:03:37.050763",
  "tests": {
    "fcfs": {
      "1": {
        "stats": {
          "waiting_avg": 0.011989576816558838,
          "waiting_p50": 0.008736908435821533,
          "waiting_p95": 0.010278457403182983,
          "waiting_p99": 0.25050041675567625,
          "ttft_avg": 23.979153633117676,
          "ttft_p50": 17.473816871643066,
          "ttft_p95": 20.556914806365967,
          "ttft_p99": 501.0008335113525,
          "tpot_avg": 4.0062218734196255,
          "completion_avg": 0.1440804696083069,
          "completion_p99": 0.6362343907356263,
          "starvation_rate": 0.0,
          "throughput": 207.50358758835637
        },
        "total_requests": 100,
        "successful_requests": 100
      },
      "2": {
        "stats": {
          "waiting_avg": 0.012600365877151489,
          "waiting_p50": 0.012672066688537598,
          "waiting_p95": 0.01726193428039551,
          "waiting_p99": 0.025000054836273194,
          "ttft_avg": 25.20073175430298,
          "ttft_p50": 25.344133377075195,
          "ttft_p95": 34.523868560791016,
          "ttft_p99": 50.00010967254639,
          "tpot_avg": 3.8218496640523276,
          "completion_avg": 0.1398562216758728,
          "completion_p99": 0.18160839796066283,
          "starvation_rate": 0.0,
          "throughput": 427.4601825342142
        },
        "total_requests": 100,
        "successful_requests": 100
      },
      "4": {
        "stats": {
          "waiting_avg": 0.013234752416610717,
          "waiting_p50": 0.01238924264907837,
          "waiting_p95": 0.022712510824203492,
          "waiting_p99": 0.029462571144104003,
          "ttft_avg": 26.469504833221436,
          "ttft_p50": 24.77848529815674,
          "ttft_p95": 45.42502164840698,
          "ttft_p99": 58.92514228820801,
          "tpot_avg": 3.975240071614584,
          "completion_avg": 0.14572670698165893,
          "completion_p99": 0.19400205850601196,
          "starvation_rate": 0.0,
          "throughput": 804.9092450962913
        },
        "total_requests": 100,
        "successful_requests": 100
      },
      "8": {
        "stats": {
          "waiting_avg": 0.016427575349807738,
          "waiting_p50": 0.016175389289855957,
          "waiting_p95": 0.024588757753372194,
          "waiting_p99": 0.028344898223876952,
          "ttft_avg": 32.85515069961548,
          "ttft_p50": 32.350778579711914,
          "ttft_p95": 49.177515506744385,
          "ttft_p99": 56.689796447753906,
          "tpot_avg": 4.095364419893286,
          "completion_avg": 0.1556755471229553,
          "completion_p99": 0.19295357704162597,
          "starvation_rate": 0.0,
          "throughput": 1483.5858571312144
        },
        "total_requests": 100,
        "successful_requests": 100
      },
      "16": {
        "stats": {
          "waiting_avg": 0.02076125979423523,
          "waiting_p50": 0.019993722438812256,
          "waiting_p95": 0.032817345857620236,
          "waiting_p99": 0.037036635875701905,
          "ttft_avg": 41.52251958847046,
          "ttft_p50": 39.98744487762451,
          "ttft_p95": 65.63469171524048,
          "ttft_p99": 74.07327175140381,
          "tpot_avg": 4.467596062298479,
          "completion_avg": 0.17494333505630494,
          "completion_p99": 0.21119636297225952,
          "starvation_rate": 0.0,
          "throughput": 2499.7338921921437
        },
        "total_requests": 100,
        "successful_requests": 100
      }
    },
    "utility": {
      "1": {
        "stats": {
          "waiting_avg": 0.008121229410171509,
          "waiting_p50": 0.007723093032836914,
          "waiting_p95": 0.010755538940429688,
          "waiting_p99": 0.021949586868286134,
          "ttft_avg": 16.242458820343018,
          "ttft_p50": 15.446186065673828,
          "ttft_p95": 21.511077880859375,
          "ttft_p99": 43.899173736572266,
          "tpot_avg": 3.9556709925333657,
          "completion_avg": 0.134912588596344,
          "completion_p99": 0.17248369455337526,
          "starvation_rate": 0.0,
          "throughput": 221.82146506742313
        },
        "total_requests": 100,
        "successful_requests": 100
      },
      "2": {
        "stats": {
          "waiting_avg": 0.01041611909866333,
          "waiting_p50": 0.009885728359222412,
          "waiting_p95": 0.012937819957733155,
          "waiting_p99": 0.024312268495559692,
          "ttft_avg": 20.83223819732666,
          "ttft_p50": 19.771456718444824,
          "ttft_p95": 25.87563991546631,
          "ttft_p99": 48.624536991119385,
          "tpot_avg": 3.9169104345913595,
          "completion_avg": 0.13829878568649293,
          "completion_p99": 0.17893969297409057,
          "starvation_rate": 0.0,
          "throughput": 431.7374658779367
        },
        "total_requests": 100,
        "successful_requests": 100
      },
      "4": {
        "stats": {
          "waiting_avg": 0.012317655086517333,
          "waiting_p50": 0.011729836463928223,
          "waiting_p95": 0.018578386306762694,
          "waiting_p99": 0.02442942261695862,
          "ttft_avg": 24.635310173034668,
          "ttft_p50": 23.459672927856445,
          "ttft_p95": 37.15677261352539,
          "ttft_p99": 48.858845233917236,
          "tpot_avg": 3.988937849285959,
          "completion_avg": 0.14426174640655517,
          "completion_p99": 0.1840225338935852,
          "starvation_rate": 0.0,
          "throughput": 813.4354496774542
        },
        "total_requests": 100,
        "successful_requests": 100
      },
      "8": {
        "stats": {
          "waiting_avg": 0.017669997215270995,
          "waiting_p50": 0.016316890716552734,
          "waiting_p95": 0.02986476421356201,
          "waiting_p99": 0.0327874493598938,
          "ttft_avg": 35.33999443054199,
          "ttft_p50": 32.63378143310547,
          "ttft_p95": 59.72952842712402,
          "ttft_p99": 65.5748987197876,
          "tpot_avg": 4.2096094893313,
          "completion_avg": 0.16141772031784057,
          "completion_p99": 0.21053984880447388,
          "starvation_rate": 0.0,
          "throughput": 1403.8319676024175
        },
        "total_requests": 100,
        "successful_requests": 100
      },
      "16": {
        "stats": {
          "waiting_avg": 0.029349242448806764,
          "waiting_p50": 0.029836058616638184,
          "waiting_p95": 0.04669469594955444,
          "waiting_p99": 0.05170514345169067,
          "ttft_avg": 58.698484897613525,
          "ttft_p50": 59.67211723327637,
          "ttft_p95": 93.38939189910889,
          "ttft_p99": 103.41028690338135,
          "tpot_avg": 4.554328813483812,
          "completion_avg": 0.19297625303268431,
          "completion_p99": 0.23259045600891112,
          "starvation_rate": 0.0,
          "throughput": 2215.734274247829
        },
        "total_requests": 100,
        "successful_requests": 100
      }
    }
  }
}