{
  "timestamp": "2026-07-02T17:14:04.345435",
  "tests": {
    "high_concurrency": {
      "fcfs": {},
      "utility": {}
    },
    "mixed_length": {
      "fcfs": {},
      "utility": {}
    },
    "head_of_line_blocking": {
      "fcfs": {
        "8": {
          "total_requests": 2000,
          "successful": 2000,
          "failed": 0,
          "success_rate": 1.0,
          "throughput": 1745.4461864672871,
          "ttft_avg": 27.854140877723694,
          "ttft_p50": 27.358055114746094,
          "ttft_p95": 37.0686411857605,
          "ttft_p99": 49.795427322387674,
          "ttft_std": 6.638139684465753,
          "ttft_short_avg": 27.81409462292989,
          "ttft_short_p95": 37.07021474838257,
          "ttft_medium_avg": 28.21455717086792,
          "ttft_medium_p95": 36.83851957321166,
          "tpot_avg": 4.0950662432437115,
          "latency_avg": 0.27239256477355955,
          "latency_p99": 0.3014606165885925,
          "head_of_line_blocking_ratio": 0.0,
          "starvation_count": 0
        },
        "16": {
          "total_requests": 2000,
          "successful": 2000,
          "failed": 0,
          "success_rate": 1.0,
          "throughput": 3239.190064059549,
          "ttft_avg": 32.94257092475891,
          "ttft_p50": 31.576037406921387,
          "ttft_p95": 49.52192306518555,
          "ttft_p99": 65.18213748931883,
          "ttft_std": 9.320812486972489,
          "ttft_short_avg": 32.957834270265366,
          "ttft_short_p95": 49.54671859741211,
          "ttft_medium_avg": 32.805200815200806,
          "ttft_medium_p95": 47.40935564041136,
          "tpot_avg": 4.347203186874049,
          "latency_avg": 0.29238609385490416,
          "latency_p99": 0.33353194236755374,
          "head_of_line_blocking_ratio": 0.0,
          "starvation_count": 0
        },
        "32": {
          "total_requests": 2000,
          "successful": 2000,
          "failed": 0,
          "success_rate": 1.0,
          "throughput": 5300.396244156259,
          "ttft_avg": 46.028395652770996,
          "ttft_p50": 42.33121871948242,
          "ttft_p95": 79.494571685791,
          "ttft_p99": 95.33633232116699,
          "ttft_std": 16.79048102920111,
          "ttft_short_avg": 45.936603811052116,
          "ttft_short_p95": 79.15725708007812,
          "ttft_medium_avg": 46.85452222824097,
          "ttft_medium_p95": 82.00143575668334,
          "tpot_avg": 5.162362287794953,
          "latency_avg": 0.3505936672687531,
          "latency_p99": 0.4241201066970825,
          "head_of_line_blocking_ratio": 0.0,
          "starvation_count": 0
        },
        "64": {
          "total_requests": 2000,
          "successful": 2000,
          "failed": 0,
          "success_rate": 1.0,
          "throughput": 7820.676171578204,
          "ttft_avg": 95.18406307697296,
          "ttft_p50": 90.2930498123169,
          "ttft_p95": 167.6667213439941,
          "ttft_p99": 203.97650957107544,
          "ttft_std": 39.7170170096565,
          "ttft_short_avg": 94.78142539660136,
          "ttft_short_p95": 166.10031127929685,
          "ttft_medium_avg": 98.80780220031738,
          "ttft_medium_p95": 177.3894429206848,
          "tpot_avg": 6.2698882551959105,
          "latency_avg": 0.45693221235275266,
          "latency_p99": 0.5873071432113647,
          "head_of_line_blocking_ratio": 0.0,
          "starvation_count": 0
        },
        "128": {
          "total_requests": 2000,
          "successful": 2000,
          "failed": 0,
          "success_rate": 1.0,
          "throughput": 8949.729829223537,
          "ttft_avg": 254.23037683963778,
          "ttft_p50": 249.50134754180908,
          "ttft_p95": 428.801965713501,
          "ttft_p99": 509.7181558609009,
          "ttft_std": 98.13177604469266,
          "ttft_short_avg": 253.89962024158902,
          "ttft_short_p95": 430.06943464279175,
          "ttft_medium_avg": 257.2071862220764,
          "ttft_medium_p95": 396.9143033027648,
          "tpot_avg": 8.557719910880621,
          "latency_avg": 0.7128569279909134,
          "latency_p99": 1.0420774388313294,
          "head_of_line_blocking_ratio": 0.0,
          "starvation_count": 0
        },
        "256": {
          "total_requests": 2000,
          "successful": 2000,
          "failed": 0,
          "success_rate": 1.0,
          "throughput": 9630.345206445967,
          "ttft_avg": 393.4865508079529,
          "ttft_p50": 375.31137466430664,
          "ttft_p95": 733.3540081977844,
          "ttft_p99": 908.2419729232787,
          "ttft_std": 187.6294889665022,
          "ttft_short_avg": 393.16802316241797,
          "ttft_short_p95": 733.3540081977844,
          "ttft_medium_avg": 396.35329961776733,
          "ttft_medium_p95": 733.3303809165955,
          "tpot_avg": 8.833672268167545,
          "latency_avg": 0.8520551146268844,
          "latency_p99": 1.3446899437904358,
          "head_of_line_blocking_ratio": 0.0,
          "starvation_count": 0
        },
        "512": {
          "total_requests": 2000,
          "successful": 2000,
          "failed": 0,
          "success_rate": 1.0,
          "throughput": 9232.993044703291,
          "ttft_avg": 405.16415107250214,
          "ttft_p50": 374.55224990844727,
          "ttft_p95": 773.5558986663817,
          "ttft_p99": 957.1150612831116,
          "ttft_std": 196.13603467889862,
          "ttft_short_avg": 401.129590537813,
          "ttft_short_p95": 756.2956333160399,
          "ttft_medium_avg": 441.4751958847046,
          "ttft_medium_p95": 846.2666034698483,
          "tpot_avg": 9.509413582827586,
          "latency_avg": 0.8712463091611862,
          "latency_p99": 1.4023644423484802,
          "head_of_line_blocking_ratio": 0.0,
          "starvation_count": 0
        },
        "1024": {
          "total_requests": 2000,
          "successful": 2000,
          "failed": 0,
          "success_rate": 1.0,
          "throughput": 9335.905993335109,
          "ttft_avg": 421.95332992076874,
          "ttft_p50": 396.7987298965454,
          "ttft_p95": 790.1961088180541,
          "ttft_p99": 1007.9445004463195,
          "ttft_std": 202.96514755070703,
          "ttft_short_avg": 421.10517938931787,
          "ttft_short_p95": 787.8509402275084,
          "ttft_medium_avg": 429.5866847038269,
          "ttft_medium_p95": 811.6928696632385,
          "tpot_avg": 10.451434649834779,
          "latency_avg": 0.9344908286333085,
          "latency_p99": 1.4890326976776123,
          "head_of_line_blocking_ratio": 0.0,
          "starvation_count": 0
        }
      },
      "utility": {
        "8": {
          "total_requests": 2000,
          "successful": 2000,
          "failed": 0,
          "success_rate": 1.0,
          "throughput": 1621.0117463710747,
          "ttft_avg": 27.639782905578613,
          "ttft_p50": 26.40831470489502,
          "ttft_p95": 38.31418752670288,
          "ttft_p99": 50.60014724731445,
          "ttft_std": 6.886093082393789,
          "ttft_short_avg": 27.6053524017334,
          "ttft_short_p95": 38.264286518096924,
          "ttft_medium_avg": 27.949657440185547,
          "ttft_medium_p95": 38.63202333450317,
          "tpot_avg": 4.451511218704562,
          "latency_avg": 0.2934987397193909,
          "latency_p99": 0.3180085229873657,
          "head_of_line_blocking_ratio": 0.0,
          "starvation_count": 0
        },
        "16": {
          "total_requests": 2000,
          "successful": 2000,
          "failed": 0,
          "success_rate": 1.0,
          "throughput": 2969.8699997073227,
          "ttft_avg": 33.62657940387726,
          "ttft_p50": 32.20260143280029,
          "ttft_p95": 50.098645687103264,
          "ttft_p99": 61.29688262939452,
          "ttft_std": 8.850391617019955,
          "ttft_short_avg": 33.541835414038765,
          "ttft_short_p95": 50.20020008087158,
          "ttft_medium_avg": 34.389275312423706,